teacher,budget,rep,policy_acc,sequence_acc,alive_swaps,candidate_edges
transformer,4,0,0.6666666666666666,0.375,2,104
transformer,4,1,0.6666666666666666,0.375,2,104
transformer,4,2,0.625,0.25,2,104
transformer,4,3,0.5416666666666666,0.125,2,104
transformer,4,4,0.625,0.25,2,104
transformer,4,5,0.625,0.25,2,104
transformer,4,6,0.625,0.125,2,104
transformer,4,7,0.5833333333333334,0.25,2,104
transformer,4,8,0.6666666666666666,0.25,2,104
transformer,4,9,0.625,0.125,2,104
transformer,4,10,0.625,0.25,2,104
transformer,4,11,0.6666666666666666,0.375,2,104
transformer,4,12,0.5833333333333334,0.25,2,104
transformer,4,13,0.5416666666666666,0.125,2,104
transformer,4,14,0.625,0.375,2,104
transformer,4,15,0.625,0.125,2,104
transformer,4,16,0.5,0.125,2,104
transformer,4,17,0.6666666666666666,0.375,2,104
transformer,4,18,0.625,0.25,2,104
transformer,4,19,0.5,0.0,2,104
transformer,4,20,0.625,0.375,2,104
transformer,4,21,0.5833333333333334,0.0,2,104
transformer,4,22,0.625,0.375,2,104
transformer,4,23,0.625,0.375,2,104
transformer,4,24,0.75,0.375,2,104
transformer,4,25,0.75,0.375,2,104
transformer,4,26,0.75,0.375,2,104
transformer,4,27,0.5416666666666666,0.125,2,104
transformer,4,28,0.5833333333333334,0.0,2,104
transformer,4,29,0.625,0.25,2,104
transformer,4,30,0.5833333333333334,0.25,2,104
transformer,4,31,0.5416666666666666,0.125,2,104
transformer,4,32,0.6666666666666666,0.375,2,104
transformer,4,33,0.625,0.25,2,104
transformer,4,34,0.5416666666666666,0.125,2,104
transformer,4,35,0.6666666666666666,0.125,2,104
transformer,4,36,0.75,0.375,2,104
transformer,4,37,0.5833333333333334,0.125,2,104
transformer,4,38,0.625,0.25,2,104
transformer,4,39,0.5,0.125,2,104
transformer,4,40,0.5833333333333334,0.25,2,104
transformer,4,41,0.625,0.375,2,104
transformer,4,42,0.625,0.375,2,104
transformer,4,43,0.625,0.375,2,104
transformer,4,44,0.5416666666666666,0.125,2,104
transformer,4,45,0.5833333333333334,0.25,2,104
transformer,4,46,0.5416666666666666,0.125,2,104
transformer,4,47,0.6666666666666666,0.375,2,104
transformer,4,48,0.625,0.375,2,104
transformer,4,49,0.625,0.375,2,104
transformer,4,50,0.5416666666666666,0.125,2,104
transformer,4,51,0.75,0.375,2,104
transformer,4,52,0.5833333333333334,0.25,2,104
transformer,4,53,0.5833333333333334,0.25,2,104
transformer,4,54,0.625,0.125,2,104
transformer,4,55,0.625,0.375,2,104
transformer,4,56,0.5416666666666666,0.125,2,104
transformer,4,57,0.625,0.125,2,104
transformer,4,58,0.5416666666666666,0.125,2,104
transformer,4,59,0.5416666666666666,0.125,2,104
transformer,4,60,0.6666666666666666,0.375,2,104
transformer,4,61,0.625,0.125,2,104
transformer,4,62,0.5833333333333334,0.0,2,104
transformer,4,63,0.625,0.375,2,104
transformer,4,64,0.625,0.375,2,104
transformer,4,65,0.625,0.25,2,104
transformer,4,66,0.5833333333333334,0.25,2,104
transformer,4,67,0.625,0.25,2,104
transformer,4,68,0.625,0.25,2,104
transformer,4,69,0.625,0.25,2,104
transformer,4,70,0.625,0.125,2,104
transformer,4,71,0.5833333333333334,0.125,2,104
transformer,4,72,0.5416666666666666,0.125,2,104
transformer,4,73,0.625,0.25,2,104
transformer,4,74,0.625,0.375,2,104
transformer,4,75,0.625,0.25,2,104
transformer,4,76,0.5416666666666666,0.125,2,104
transformer,4,77,0.625,0.25,2,104
transformer,4,78,0.5833333333333334,0.25,2,104
transformer,4,79,0.5833333333333334,0.375,2,104
transformer,4,80,0.625,0.375,2,104
transformer,4,81,0.5416666666666666,0.125,2,104
transformer,4,82,0.625,0.375,2,104
transformer,4,83,0.75,0.375,2,104
transformer,4,84,0.6666666666666666,0.375,2,104
transformer,4,85,0.6666666666666666,0.375,2,104
transformer,4,86,0.6666666666666666,0.375,2,104
transformer,4,87,0.625,0.25,2,104
transformer,4,88,0.625,0.125,2,104
transformer,4,89,0.5,0.125,2,104
transformer,4,90,0.625,0.125,2,104
transformer,4,91,0.625,0.25,2,104
transformer,4,92,0.625,0.25,2,104
transformer,4,93,0.5833333333333334,0.25,2,104
transformer,4,94,0.6666666666666666,0.375,2,104
transformer,4,95,0.6666666666666666,0.375,2,104
transformer,4,96,0.5416666666666666,0.125,2,104
transformer,4,97,0.625,0.25,2,104
transformer,4,98,0.5416666666666666,0.125,2,104
transformer,4,99,0.5416666666666666,0.125,2,104
transformer,6,0,0.6666666666666666,0.375,2,92
transformer,6,1,0.7083333333333334,0.375,2,92
transformer,6,2,0.6666666666666666,0.5,2,92
transformer,6,3,0.6666666666666666,0.375,2,92
transformer,6,4,0.7083333333333334,0.25,2,92
transformer,6,5,0.7916666666666666,0.5,2,92
transformer,6,6,0.6666666666666666,0.375,2,92
transformer,6,7,0.6666666666666666,0.375,2,92
transformer,6,8,0.625,0.25,2,92
transformer,6,9,0.7083333333333334,0.375,2,92
transformer,6,10,0.6666666666666666,0.375,2,92
transformer,6,11,0.75,0.375,2,92
transformer,6,12,0.6666666666666666,0.375,2,92
transformer,6,13,0.6666666666666666,0.375,2,92
transformer,6,14,0.625,0.25,2,92
transformer,6,15,0.5833333333333334,0.25,2,92
transformer,6,16,0.7083333333333334,0.375,2,92
transformer,6,17,0.75,0.375,2,92
transformer,6,18,0.7083333333333334,0.5,2,92
transformer,6,19,0.625,0.125,2,92
transformer,6,20,0.75,0.5,2,92
transformer,6,21,0.7083333333333334,0.25,2,92
transformer,6,22,0.7083333333333334,0.5,2,92
transformer,6,23,0.6666666666666666,0.5,2,92
transformer,6,24,0.6666666666666666,0.375,2,92
transformer,6,25,0.75,0.5,2,92
transformer,6,26,0.75,0.5,2,92
transformer,6,27,0.75,0.5,2,92
transformer,6,28,0.6666666666666666,0.25,2,92
transformer,6,29,0.75,0.5,2,92
transformer,6,30,0.6666666666666666,0.5,2,92
transformer,6,31,0.7083333333333334,0.375,2,92
transformer,6,32,0.7083333333333334,0.5,2,92
transformer,6,33,0.7083333333333334,0.5,2,92
transformer,6,34,0.7083333333333334,0.5,2,92
transformer,6,35,0.75,0.375,2,92
transformer,6,36,0.625,0.25,2,92
transformer,6,37,0.6666666666666666,0.375,2,92
transformer,6,38,0.6666666666666666,0.375,2,92
transformer,6,39,0.625,0.125,2,92
transformer,6,40,0.5833333333333334,0.25,2,92
transformer,6,41,0.7083333333333334,0.5,2,92
transformer,6,42,0.5833333333333334,0.125,2,92
transformer,6,43,0.6666666666666666,0.375,2,92
transformer,6,44,0.75,0.375,2,92
transformer,6,45,0.75,0.375,2,92
transformer,6,46,0.7083333333333334,0.5,2,92
transformer,6,47,0.7083333333333334,0.375,2,92
transformer,6,48,0.7083333333333334,0.5,2,92
transformer,6,49,0.75,0.5,2,88
transformer,6,50,0.7083333333333334,0.5,2,92
transformer,6,51,0.625,0.25,2,92
transformer,6,52,0.6666666666666666,0.375,2,92
transformer,6,53,0.5833333333333334,0.125,2,92
transformer,6,54,0.625,0.125,2,92
transformer,6,55,0.75,0.375,2,92
transformer,6,56,0.6666666666666666,0.375,2,92
transformer,6,57,0.625,0.25,2,92
transformer,6,58,0.7083333333333334,0.5,2,92
transformer,6,59,0.5833333333333334,0.125,2,92
transformer,6,60,0.75,0.5,2,88
transformer,6,61,0.7083333333333334,0.5,2,92
transformer,6,62,0.8333333333333334,0.5,2,88
transformer,6,63,0.6666666666666666,0.5,2,92
transformer,6,64,0.6666666666666666,0.375,2,92
transformer,6,65,0.5833333333333334,0.125,2,92
transformer,6,66,0.7083333333333334,0.375,2,92
transformer,6,67,0.8333333333333334,0.5,2,92
transformer,6,68,0.7083333333333334,0.25,2,92
transformer,6,69,0.75,0.375,2,92
transformer,6,70,0.6666666666666666,0.375,2,92
transformer,6,71,0.625,0.25,2,92
transformer,6,72,0.8333333333333334,0.5,2,88
transformer,6,73,0.7083333333333334,0.375,2,92
transformer,6,74,0.6666666666666666,0.375,2,92
transformer,6,75,0.75,0.5,2,88
transformer,6,76,0.7083333333333334,0.375,2,92
transformer,6,77,0.7083333333333334,0.5,2,92
transformer,6,78,0.75,0.5,2,92
transformer,6,79,0.75,0.375,2,92
transformer,6,80,0.75,0.375,2,92
transformer,6,81,0.7083333333333334,0.5,2,92
transformer,6,82,0.7083333333333334,0.375,2,92
transformer,6,83,0.7083333333333334,0.5,2,92
transformer,6,84,0.7083333333333334,0.375,2,92
transformer,6,85,0.625,0.25,2,92
transformer,6,86,0.6666666666666666,0.375,2,92
transformer,6,87,0.6666666666666666,0.375,2,92
transformer,6,88,0.6666666666666666,0.375,2,92
transformer,6,89,0.6666666666666666,0.375,2,92
transformer,6,90,0.7083333333333334,0.5,2,92
transformer,6,91,0.6666666666666666,0.375,2,92
transformer,6,92,0.7083333333333334,0.375,2,92
transformer,6,93,0.5833333333333334,0.25,2,92
transformer,6,94,0.5833333333333334,0.125,2,92
transformer,6,95,0.6666666666666666,0.5,2,92
transformer,6,96,0.625,0.25,2,92
transformer,6,97,0.5833333333333334,0.25,2,92
transformer,6,98,0.6666666666666666,0.375,2,92
transformer,6,99,0.8333333333333334,0.5,2,92
transformer,8,0,0.7916666666666666,0.5,2,80
transformer,8,1,0.75,0.625,2,80
transformer,8,2,0.875,0.625,2,80
transformer,8,3,0.75,0.625,2,80
transformer,8,4,0.7916666666666666,0.625,2,80
transformer,8,5,0.875,0.625,2,80
transformer,8,6,0.75,0.5,2,80
transformer,8,7,0.75,0.5,2,76
transformer,8,8,0.6666666666666666,0.375,2,80
transformer,8,9,0.7916666666666666,0.5,2,80
transformer,8,10,0.7916666666666666,0.625,2,80
transformer,8,11,0.75,0.5,2,76
transformer,8,12,0.75,0.5,2,80
transformer,8,13,0.7916666666666666,0.5,2,80
transformer,8,14,0.7083333333333334,0.5,2,80
transformer,8,15,0.75,0.375,2,80
transformer,8,16,0.7083333333333334,0.5,2,80
transformer,8,17,0.7083333333333334,0.375,2,80
transformer,8,18,0.6666666666666666,0.375,2,80
transformer,8,19,0.875,0.625,2,76
transformer,8,20,0.7916666666666666,0.5,2,80
transformer,8,21,0.8333333333333334,0.5,2,76
transformer,8,22,0.7916666666666666,0.5,2,80
transformer,8,23,0.8333333333333334,0.5,2,80
transformer,8,24,0.875,0.625,2,76
transformer,8,25,0.7916666666666666,0.5,2,80
transformer,8,26,0.7916666666666666,0.5,2,80
transformer,8,27,0.7083333333333334,0.375,2,80
transformer,8,28,0.875,0.625,2,76
transformer,8,29,0.6666666666666666,0.25,2,80
transformer,8,30,0.875,0.625,2,76
transformer,8,31,0.7916666666666666,0.5,2,80
transformer,8,32,0.8333333333333334,0.5,2,80
transformer,8,33,0.75,0.375,2,76
transformer,8,34,0.7916666666666666,0.5,2,76
transformer,8,35,0.75,0.5,2,80
transformer,8,36,0.7083333333333334,0.375,2,80
transformer,8,37,0.6666666666666666,0.25,2,80
transformer,8,38,0.8333333333333334,0.5,2,76
transformer,8,39,0.8333333333333334,0.5,2,80
transformer,8,40,0.7916666666666666,0.5,2,80
transformer,8,41,0.7916666666666666,0.5,2,80
transformer,8,42,0.75,0.5,2,80
transformer,8,43,0.7916666666666666,0.5,2,76
transformer,8,44,0.7916666666666666,0.5,2,80
transformer,8,45,0.7916666666666666,0.5,2,80
transformer,8,46,0.75,0.375,2,80
transformer,8,47,0.7916666666666666,0.5,2,80
transformer,8,48,0.75,0.5,2,80
transformer,8,49,0.7916666666666666,0.5,2,76
transformer,8,50,0.7916666666666666,0.5,2,76
transformer,8,51,0.7083333333333334,0.5,2,80
transformer,8,52,0.7916666666666666,0.5,2,76
transformer,8,53,0.6666666666666666,0.25,2,80
transformer,8,54,0.7916666666666666,0.625,2,80
transformer,8,55,0.7916666666666666,0.5,2,76
transformer,8,56,0.75,0.5,2,76
transformer,8,57,0.8333333333333334,0.625,2,80
transformer,8,58,0.6666666666666666,0.375,2,80
transformer,8,59,0.75,0.5,2,80
transformer,8,60,0.8333333333333334,0.5,2,80
transformer,8,61,0.75,0.5,2,80
transformer,8,62,0.8333333333333334,0.5,2,76
transformer,8,63,0.7083333333333334,0.5,2,80
transformer,8,64,0.7916666666666666,0.5,2,80
transformer,8,65,0.7916666666666666,0.5,2,80
transformer,8,66,0.7083333333333334,0.5,2,76
transformer,8,67,0.7916666666666666,0.5,2,80
transformer,8,68,0.7916666666666666,0.5,2,80
transformer,8,69,0.7083333333333334,0.375,2,80
transformer,8,70,0.75,0.5,2,80
transformer,8,71,0.7083333333333334,0.375,2,80
transformer,8,72,0.75,0.375,2,80
transformer,8,73,0.875,0.625,2,76
transformer,8,74,0.7916666666666666,0.5,2,80
transformer,8,75,0.6666666666666666,0.375,2,80
transformer,8,76,0.75,0.375,2,80
transformer,8,77,0.7916666666666666,0.5,2,76
transformer,8,78,0.7916666666666666,0.625,2,80
transformer,8,79,0.75,0.5,2,80
transformer,8,80,0.75,0.5,2,80
transformer,8,81,0.75,0.375,2,80
transformer,8,82,0.6666666666666666,0.375,2,76
transformer,8,83,0.7916666666666666,0.5,2,80
transformer,8,84,0.7916666666666666,0.625,2,76
transformer,8,85,0.75,0.375,2,80
transformer,8,86,0.7916666666666666,0.5,2,80
transformer,8,87,0.875,0.625,2,80
transformer,8,88,0.75,0.625,2,80
transformer,8,89,0.6666666666666666,0.25,2,80
transformer,8,90,0.75,0.5,2,76
transformer,8,91,0.7916666666666666,0.625,2,80
transformer,8,92,0.7083333333333334,0.375,2,80
transformer,8,93,0.7083333333333334,0.5,2,76
transformer,8,94,0.7916666666666666,0.5,2,80
transformer,8,95,0.7916666666666666,0.625,2,76
transformer,8,96,0.8333333333333334,0.5,2,80
transformer,8,97,0.8333333333333334,0.5,2,76
transformer,8,98,0.875,0.625,2,80
transformer,8,99,0.8333333333333334,0.5,2,76
transformer,10,0,0.7916666666666666,0.5,2,64
transformer,10,1,0.7916666666666666,0.625,2,68
transformer,10,2,0.7916666666666666,0.5,2,68
transformer,10,3,0.875,0.625,2,64
transformer,10,4,0.7916666666666666,0.625,2,64
transformer,10,5,0.7916666666666666,0.5,2,68
transformer,10,6,0.7916666666666666,0.5,2,60
transformer,10,7,0.8333333333333334,0.625,2,64
transformer,10,8,0.875,0.625,2,68
transformer,10,9,0.8333333333333334,0.625,2,62
transformer,10,10,0.9166666666666666,0.75,2,66
transformer,10,11,0.9166666666666666,0.75,2,64
transformer,10,12,0.875,0.625,2,68
transformer,10,13,0.7916666666666666,0.5,2,68
transformer,10,14,0.8333333333333334,0.625,2,68
transformer,10,15,0.875,0.75,1,35
transformer,10,16,0.7916666666666666,0.5,2,68
transformer,10,17,0.7916666666666666,0.625,2,68
transformer,10,18,0.7916666666666666,0.625,2,64
transformer,10,19,0.7083333333333334,0.5,2,60
transformer,10,20,0.7916666666666666,0.5,2,64
transformer,10,21,0.7916666666666666,0.5,2,64
transformer,10,22,0.75,0.5,2,64
transformer,10,23,0.7916666666666666,0.625,2,68
transformer,10,24,0.875,0.625,2,68
transformer,10,25,0.7916666666666666,0.5,2,68
transformer,10,26,0.875,0.625,2,68
transformer,10,27,0.7916666666666666,0.625,2,68
transformer,10,28,0.8333333333333334,0.625,2,68
transformer,10,29,0.875,0.625,2,64
transformer,10,30,0.9166666666666666,0.75,2,64
transformer,10,31,0.8333333333333334,0.625,2,64
transformer,10,32,0.8333333333333334,0.625,2,68
transformer,10,33,0.875,0.625,2,60
transformer,10,34,0.875,0.625,2,68
transformer,10,35,0.8333333333333334,0.625,2,64
transformer,10,36,0.75,0.5,2,68
transformer,10,37,0.7916666666666666,0.5,2,68
transformer,10,38,0.875,0.625,2,68
transformer,10,39,0.7916666666666666,0.625,2,64
transformer,10,40,0.8333333333333334,0.625,2,64
transformer,10,41,0.75,0.375,2,64
transformer,10,42,0.875,0.75,2,64
transformer,10,43,0.7916666666666666,0.5,2,68
transformer,10,44,0.8333333333333334,0.625,2,68
transformer,10,45,0.7916666666666666,0.625,2,68
transformer,10,46,0.7916666666666666,0.625,2,68
transformer,10,47,0.7916666666666666,0.625,2,64
transformer,10,48,0.8333333333333334,0.625,2,64
transformer,10,49,0.875,0.75,1,39
transformer,10,50,0.7916666666666666,0.5,2,68
transformer,10,51,0.7916666666666666,0.625,2,64
transformer,10,52,0.7916666666666666,0.625,2,68
transformer,10,53,0.875,0.625,2,64
transformer,10,54,0.7083333333333334,0.375,2,68
transformer,10,55,0.7083333333333334,0.5,2,64
transformer,10,56,0.8333333333333334,0.625,2,64
transformer,10,57,0.7916666666666666,0.5,2,64
transformer,10,58,0.875,0.75,2,64
transformer,10,59,0.7916666666666666,0.625,2,68
transformer,10,60,0.8333333333333334,0.625,2,68
transformer,10,61,0.7916666666666666,0.5,2,68
transformer,10,62,0.7916666666666666,0.5,2,68
transformer,10,63,0.7916666666666666,0.5,2,64
transformer,10,64,0.75,0.375,2,64
transformer,10,65,0.875,0.625,2,68
transformer,10,66,0.7916666666666666,0.625,2,68
transformer,10,67,0.7083333333333334,0.375,2,68
transformer,10,68,0.7916666666666666,0.625,2,68
transformer,10,69,0.875,0.625,2,64
transformer,10,70,0.7916666666666666,0.625,2,68
transformer,10,71,0.7916666666666666,0.5,2,68
transformer,10,72,0.875,0.625,2,68
transformer,10,73,0.75,0.5,2,64
transformer,10,74,0.875,0.75,2,64
transformer,10,75,0.7916666666666666,0.625,2,64
transformer,10,76,0.7916666666666666,0.5,2,68
transformer,10,77,0.7916666666666666,0.625,2,68
transformer,10,78,0.7916666666666666,0.625,2,68
transformer,10,79,0.7916666666666666,0.625,2,64
transformer,10,80,0.7916666666666666,0.5,2,68
transformer,10,81,0.7916666666666666,0.5,2,68
transformer,10,82,0.7916666666666666,0.5,2,68
transformer,10,83,0.875,0.75,1,36
transformer,10,84,0.7916666666666666,0.625,2,64
transformer,10,85,0.7916666666666666,0.5,2,64
transformer,10,86,0.8333333333333334,0.625,2,64
transformer,10,87,0.875,0.625,2,68
transformer,10,88,0.8333333333333334,0.625,2,68
transformer,10,89,0.7916666666666666,0.625,2,68
transformer,10,90,0.875,0.625,2,68
transformer,10,91,0.75,0.5,2,64
transformer,10,92,0.7916666666666666,0.5,2,68
transformer,10,93,0.7916666666666666,0.625,2,64
transformer,10,94,0.8333333333333334,0.5,2,64
transformer,10,95,0.875,0.625,2,64
transformer,10,96,0.7916666666666666,0.5,2,68
transformer,10,97,0.875,0.625,2,64
transformer,10,98,0.7916666666666666,0.625,2,64
transformer,10,99,0.8333333333333334,0.625,1,35
transformer,12,0,0.7916666666666666,0.5,2,52
transformer,12,1,0.875,0.625,2,52
transformer,12,2,0.9583333333333334,0.875,1,29
transformer,12,3,0.7916666666666666,0.5,2,52
transformer,12,4,0.9166666666666666,0.75,2,52
transformer,12,5,0.9166666666666666,0.875,1,27
transformer,12,6,0.8333333333333334,0.5,2,52
transformer,12,7,0.875,0.625,2,52
transformer,12,8,0.9166666666666666,0.75,2,48
transformer,12,9,0.875,0.75,2,56
transformer,12,10,0.9583333333333334,0.875,1,26
transformer,12,11,0.8333333333333334,0.625,2,52
transformer,12,12,0.7916666666666666,0.625,2,52
transformer,12,13,0.9166666666666666,0.75,2,52
transformer,12,14,0.9583333333333334,0.875,1,29
transformer,12,15,0.875,0.625,2,52
transformer,12,16,0.8333333333333334,0.5,2,52
transformer,12,17,0.7916666666666666,0.625,2,56
transformer,12,18,0.9166666666666666,0.75,2,52
transformer,12,19,0.9166666666666666,0.75,1,31
transformer,12,20,0.9583333333333334,0.875,1,24
transformer,12,21,0.875,0.625,2,52
transformer,12,22,0.875,0.625,2,56
transformer,12,23,0.7916666666666666,0.625,2,52
transformer,12,24,0.875,0.625,2,52
transformer,12,25,0.9166666666666666,0.75,2,52
transformer,12,26,1.0,1.0,1,27
transformer,12,27,0.7916666666666666,0.625,1,24
transformer,12,28,0.9166666666666666,0.75,1,28
transformer,12,29,0.9166666666666666,0.75,1,29
transformer,12,30,0.9166666666666666,0.75,1,30
transformer,12,31,0.9166666666666666,0.75,2,56
transformer,12,32,0.75,0.625,2,52
transformer,12,33,0.875,0.625,2,52
transformer,12,34,0.875,0.75,2,52
transformer,12,35,0.9166666666666666,0.75,1,30
transformer,12,36,0.8333333333333334,0.625,2,56
transformer,12,37,0.8333333333333334,0.625,2,52
transformer,12,38,0.875,0.625,2,48
transformer,12,39,0.9166666666666666,0.75,1,24
transformer,12,40,0.875,0.625,2,48
transformer,12,41,0.9583333333333334,0.875,1,29
transformer,12,42,0.8333333333333334,0.625,2,52
transformer,12,43,0.875,0.625,2,52
transformer,12,44,0.8333333333333334,0.75,1,33
transformer,12,45,0.875,0.625,1,24
transformer,12,46,0.9166666666666666,0.875,1,31
transformer,12,47,0.7916666666666666,0.625,2,52
transformer,12,48,0.7916666666666666,0.5,2,56
transformer,12,49,0.875,0.75,2,52
transformer,12,50,0.9166666666666666,0.75,1,26
transformer,12,51,0.8333333333333334,0.625,2,48
transformer,12,52,0.8333333333333334,0.625,2,52
transformer,12,53,0.7916666666666666,0.625,1,24
transformer,12,54,0.9583333333333334,0.875,1,29
transformer,12,55,0.9166666666666666,0.75,2,48
transformer,12,56,0.875,0.625,1,24
transformer,12,57,1.0,1.0,1,31
transformer,12,58,0.8333333333333334,0.625,2,52
transformer,12,59,0.9166666666666666,0.75,2,48
transformer,12,60,0.8333333333333334,0.5,1,30
transformer,12,61,0.9166666666666666,0.875,1,27
transformer,12,62,0.9583333333333334,0.875,1,28
transformer,12,63,0.7916666666666666,0.5,1,24
transformer,12,64,0.875,0.625,2,52
transformer,12,65,0.9166666666666666,0.75,2,52
transformer,12,66,0.7916666666666666,0.625,2,52
transformer,12,67,0.9166666666666666,0.75,1,29
transformer,12,68,0.9583333333333334,0.875,1,26
transformer,12,69,0.875,0.75,1,29
transformer,12,70,0.9166666666666666,0.75,2,52
transformer,12,71,0.7916666666666666,0.625,2,52
transformer,12,72,0.875,0.625,2,52
transformer,12,73,0.7916666666666666,0.5,1,24
transformer,12,74,0.875,0.625,2,52
transformer,12,75,0.7916666666666666,0.5,2,56
transformer,12,76,0.9166666666666666,0.75,2,48
transformer,12,77,0.9166666666666666,0.75,2,56
transformer,12,78,0.9166666666666666,0.75,2,54
transformer,12,79,0.875,0.75,1,33
transformer,12,80,0.9166666666666666,0.75,2,56
transformer,12,81,0.875,0.75,2,52
transformer,12,82,0.9166666666666666,0.75,2,48
transformer,12,83,0.9583333333333334,0.875,1,29
transformer,12,84,0.9166666666666666,0.875,1,27
transformer,12,85,0.875,0.75,2,56
transformer,12,86,0.9166666666666666,0.75,1,28
transformer,12,87,0.875,0.75,2,52
transformer,12,88,0.9166666666666666,0.75,2,54
transformer,12,89,0.7916666666666666,0.5,2,52
transformer,12,90,0.9166666666666666,0.75,2,48
transformer,12,91,0.875,0.75,1,29
transformer,12,92,0.8333333333333334,0.625,2,52
transformer,12,93,0.9166666666666666,0.75,2,48
transformer,12,94,0.9166666666666666,0.75,1,28
transformer,12,95,0.7916666666666666,0.375,2,52
transformer,12,96,1.0,1.0,1,27
transformer,12,97,0.7916666666666666,0.625,2,56
transformer,12,98,0.9583333333333334,0.875,1,28
transformer,12,99,0.875,0.625,2,52
transformer,14,0,1.0,1.0,1,21
transformer,14,1,1.0,1.0,1,24
transformer,14,2,0.9583333333333334,0.875,1,25
transformer,14,3,1.0,1.0,1,25
transformer,14,4,0.9166666666666666,0.75,1,24
transformer,14,5,0.9583333333333334,0.875,1,23
transformer,14,6,1.0,1.0,1,21
transformer,14,7,0.9583333333333334,0.875,1,23
transformer,14,8,1.0,1.0,1,24
transformer,14,9,0.9583333333333334,0.875,1,21
transformer,14,10,0.9583333333333334,0.875,1,23
transformer,14,11,0.9166666666666666,0.75,1,20
transformer,14,12,1.0,1.0,1,24
transformer,14,13,1.0,1.0,1,22
transformer,14,14,0.9583333333333334,0.875,1,24
transformer,14,15,0.9583333333333334,0.875,1,20
transformer,14,16,0.9583333333333334,0.875,1,25
transformer,14,17,1.0,1.0,1,25
transformer,14,18,1.0,1.0,1,25
transformer,14,19,1.0,1.0,1,24
transformer,14,20,1.0,1.0,1,24
transformer,14,21,0.875,0.625,2,42
transformer,14,22,1.0,1.0,1,25
transformer,14,23,1.0,1.0,1,24
transformer,14,24,1.0,1.0,1,24
transformer,14,25,0.9166666666666666,0.75,2,40
transformer,14,26,0.9166666666666666,0.75,1,21
transformer,14,27,1.0,1.0,1,24
transformer,14,28,1.0,1.0,1,27
transformer,14,29,1.0,1.0,1,24
transformer,14,30,0.9166666666666666,0.75,2,40
transformer,14,31,0.9583333333333334,0.875,1,19
transformer,14,32,0.8333333333333334,0.625,2,42
transformer,14,33,1.0,1.0,1,24
transformer,14,34,1.0,1.0,1,21
transformer,14,35,0.9583333333333334,0.875,1,21
transformer,14,36,1.0,1.0,1,28
transformer,14,37,0.9583333333333334,0.875,1,20
transformer,14,38,0.9583333333333334,0.875,1,25
transformer,14,39,0.9166666666666666,0.75,2,40
transformer,14,40,1.0,1.0,1,25
transformer,14,41,0.9583333333333334,0.875,1,20
transformer,14,42,1.0,1.0,1,24
transformer,14,43,0.9166666666666666,0.875,1,21
transformer,14,44,0.9583333333333334,0.875,1,21
transformer,14,45,0.9583333333333334,0.875,1,25
transformer,14,46,1.0,1.0,1,26
transformer,14,47,0.9166666666666666,0.75,1,20
transformer,14,48,0.8333333333333334,0.625,1,20
transformer,14,49,0.9166666666666666,0.75,2,40
transformer,14,50,0.9583333333333334,0.875,1,23
transformer,14,51,0.9583333333333334,0.875,1,25
transformer,14,52,0.9166666666666666,0.875,1,21
transformer,14,53,0.9583333333333334,0.875,1,23
transformer,14,54,0.9583333333333334,0.875,1,20
transformer,14,55,1.0,1.0,1,21
transformer,14,56,1.0,1.0,1,24
transformer,14,57,0.9583333333333334,0.875,1,21
transformer,14,58,0.9166666666666666,0.75,2,40
transformer,14,59,0.9166666666666666,0.75,2,40
transformer,14,60,1.0,1.0,1,26
transformer,14,61,0.9166666666666666,0.875,1,21
transformer,14,62,1.0,1.0,1,20
transformer,14,63,0.9166666666666666,0.875,1,21
transformer,14,64,1.0,1.0,1,25
transformer,14,65,1.0,1.0,1,26
transformer,14,66,1.0,1.0,1,21
transformer,14,67,0.9166666666666666,0.75,1,24
transformer,14,68,1.0,1.0,1,24
transformer,14,69,1.0,1.0,1,24
transformer,14,70,0.875,0.75,1,20
transformer,14,71,1.0,1.0,1,20
transformer,14,72,0.875,0.625,2,42
transformer,14,73,1.0,1.0,1,21
transformer,14,74,1.0,1.0,1,24
transformer,14,75,1.0,1.0,1,21
transformer,14,76,0.9166666666666666,0.875,1,21
transformer,14,77,1.0,1.0,1,22
transformer,14,78,1.0,1.0,1,23
transformer,14,79,0.9166666666666666,0.75,1,20
transformer,14,80,0.9166666666666666,0.75,2,40
transformer,14,81,1.0,1.0,1,29
transformer,14,82,0.9583333333333334,0.875,1,25
transformer,14,83,0.9166666666666666,0.75,2,40
transformer,14,84,1.0,1.0,1,25
transformer,14,85,0.9166666666666666,0.875,1,21
transformer,14,86,0.9166666666666666,0.75,1,26
transformer,14,87,1.0,1.0,1,21
transformer,14,88,1.0,1.0,1,28
transformer,14,89,1.0,1.0,1,19
transformer,14,90,0.9166666666666666,0.75,1,20
transformer,14,91,1.0,1.0,1,24
transformer,14,92,0.9583333333333334,0.875,1,23
transformer,14,93,0.9166666666666666,0.875,1,21
transformer,14,94,1.0,1.0,1,21
transformer,14,95,0.9583333333333334,0.875,1,21
transformer,14,96,0.9166666666666666,0.75,2,40
transformer,14,97,1.0,1.0,1,25
transformer,14,98,1.0,1.0,1,25
transformer,14,99,1.0,1.0,1,23
transformer,16,0,1.0,1.0,1,19
transformer,16,1,0.9583333333333334,0.875,1,18
transformer,16,2,1.0,1.0,1,21
transformer,16,3,1.0,1.0,1,22
transformer,16,4,1.0,1.0,1,24
transformer,16,5,0.9583333333333334,0.875,1,18
transformer,16,6,1.0,1.0,1,22
transformer,16,7,1.0,1.0,1,19
transformer,16,8,1.0,1.0,1,16
transformer,16,9,1.0,1.0,1,18
transformer,16,10,1.0,1.0,1,20
transformer,16,11,1.0,1.0,1,21
transformer,16,12,1.0,1.0,1,22
transformer,16,13,1.0,1.0,1,27
transformer,16,14,1.0,1.0,1,22
transformer,16,15,1.0,1.0,1,22
transformer,16,16,1.0,1.0,1,22
transformer,16,17,1.0,1.0,1,18
transformer,16,18,1.0,1.0,1,18
transformer,16,19,1.0,1.0,1,25
transformer,16,20,1.0,1.0,1,24
transformer,16,21,1.0,1.0,1,23
transformer,16,22,1.0,1.0,1,18
transformer,16,23,1.0,1.0,1,20
transformer,16,24,1.0,1.0,1,25
transformer,16,25,1.0,1.0,1,22
transformer,16,26,1.0,1.0,1,23
transformer,16,27,1.0,1.0,1,19
transformer,16,28,1.0,1.0,1,22
transformer,16,29,1.0,1.0,1,25
transformer,16,30,1.0,1.0,1,22
transformer,16,31,1.0,1.0,1,23
transformer,16,32,1.0,1.0,1,16
transformer,16,33,1.0,1.0,1,22
transformer,16,34,1.0,1.0,1,21
transformer,16,35,1.0,1.0,1,21
transformer,16,36,1.0,1.0,1,26
transformer,16,37,1.0,1.0,1,16
transformer,16,38,1.0,1.0,1,23
transformer,16,39,1.0,1.0,1,25
transformer,16,40,0.9583333333333334,0.875,1,22
transformer,16,41,1.0,1.0,1,25
transformer,16,42,1.0,1.0,1,18
transformer,16,43,1.0,1.0,1,19
transformer,16,44,1.0,1.0,1,23
transformer,16,45,1.0,1.0,1,22
transformer,16,46,0.9583333333333334,0.875,1,18
transformer,16,47,1.0,1.0,1,22
transformer,16,48,1.0,1.0,1,21
transformer,16,49,1.0,1.0,1,24
transformer,16,50,1.0,1.0,1,20
transformer,16,51,1.0,1.0,1,21
transformer,16,52,1.0,1.0,1,18
transformer,16,53,1.0,1.0,1,24
transformer,16,54,1.0,1.0,1,22
transformer,16,55,1.0,1.0,1,23
transformer,16,56,1.0,1.0,1,23
transformer,16,57,1.0,1.0,1,20
transformer,16,58,1.0,1.0,1,25
transformer,16,59,1.0,1.0,1,18
transformer,16,60,1.0,1.0,1,22
transformer,16,61,1.0,1.0,1,20
transformer,16,62,1.0,1.0,1,21
transformer,16,63,1.0,1.0,1,20
transformer,16,64,1.0,1.0,1,22
transformer,16,65,1.0,1.0,1,21
transformer,16,66,1.0,1.0,1,18
transformer,16,67,1.0,1.0,1,21
transformer,16,68,1.0,1.0,1,19
transformer,16,69,1.0,1.0,1,23
transformer,16,70,1.0,1.0,1,18
transformer,16,71,1.0,1.0,1,18
transformer,16,72,1.0,1.0,1,23
transformer,16,73,1.0,1.0,1,21
transformer,16,74,1.0,1.0,1,21
transformer,16,75,1.0,1.0,1,18
transformer,16,76,1.0,1.0,1,18
transformer,16,77,1.0,1.0,1,22
transformer,16,78,1.0,1.0,1,23
transformer,16,79,1.0,1.0,1,19
transformer,16,80,1.0,1.0,1,18
transformer,16,81,1.0,1.0,1,25
transformer,16,82,1.0,1.0,1,27
transformer,16,83,1.0,1.0,1,24
transformer,16,84,1.0,1.0,1,16
transformer,16,85,1.0,1.0,1,20
transformer,16,86,1.0,1.0,1,18
transformer,16,87,1.0,1.0,1,21
transformer,16,88,1.0,1.0,1,21
transformer,16,89,1.0,1.0,1,24
transformer,16,90,1.0,1.0,1,22
transformer,16,91,1.0,1.0,1,22
transformer,16,92,1.0,1.0,1,24
transformer,16,93,1.0,1.0,1,19
transformer,16,94,1.0,1.0,1,24
transformer,16,95,1.0,1.0,1,22
transformer,16,96,1.0,1.0,1,21
transformer,16,97,1.0,1.0,1,22
transformer,16,98,1.0,1.0,1,19
transformer,16,99,1.0,1.0,1,22
transformer,18,0,1.0,1.0,1,19
transformer,18,1,1.0,1.0,1,20
transformer,18,2,1.0,1.0,1,21
transformer,18,3,1.0,1.0,1,17
transformer,18,4,1.0,1.0,1,18
transformer,18,5,1.0,1.0,1,22
transformer,18,6,1.0,1.0,1,19
transformer,18,7,1.0,1.0,1,18
transformer,18,8,1.0,1.0,1,20
transformer,18,9,1.0,1.0,1,18
transformer,18,10,1.0,1.0,1,20
transformer,18,11,1.0,1.0,1,22
transformer,18,12,1.0,1.0,1,18
transformer,18,13,1.0,1.0,1,22
transformer,18,14,1.0,1.0,1,20
transformer,18,15,1.0,1.0,1,22
transformer,18,16,1.0,1.0,1,18
transformer,18,17,1.0,1.0,1,19
transformer,18,18,1.0,1.0,1,21
transformer,18,19,1.0,1.0,1,18
transformer,18,20,1.0,1.0,1,18
transformer,18,21,1.0,1.0,1,19
transformer,18,22,1.0,1.0,1,18
transformer,18,23,1.0,1.0,1,24
transformer,18,24,1.0,1.0,1,21
transformer,18,25,1.0,1.0,1,18
transformer,18,26,1.0,1.0,1,21
transformer,18,27,1.0,1.0,1,19
transformer,18,28,1.0,1.0,1,19
transformer,18,29,1.0,1.0,1,18
transformer,18,30,1.0,1.0,1,21
transformer,18,31,1.0,1.0,1,18
transformer,18,32,1.0,1.0,1,21
transformer,18,33,1.0,1.0,1,21
transformer,18,34,1.0,1.0,1,21
transformer,18,35,1.0,1.0,1,21
transformer,18,36,1.0,1.0,1,17
transformer,18,37,1.0,1.0,1,19
transformer,18,38,1.0,1.0,1,20
transformer,18,39,1.0,1.0,1,18
transformer,18,40,1.0,1.0,1,17
transformer,18,41,1.0,1.0,1,20
transformer,18,42,1.0,1.0,1,22
transformer,18,43,1.0,1.0,1,18
transformer,18,44,1.0,1.0,1,19
transformer,18,45,1.0,1.0,1,21
transformer,18,46,1.0,1.0,1,19
transformer,18,47,1.0,1.0,1,18
transformer,18,48,1.0,1.0,1,24
transformer,18,49,1.0,1.0,1,18
transformer,18,50,1.0,1.0,1,18
transformer,18,51,1.0,1.0,1,24
transformer,18,52,1.0,1.0,1,18
transformer,18,53,1.0,1.0,1,22
transformer,18,54,1.0,1.0,1,22
transformer,18,55,1.0,1.0,1,17
transformer,18,56,1.0,1.0,1,22
transformer,18,57,1.0,1.0,1,22
transformer,18,58,1.0,1.0,1,18
transformer,18,59,1.0,1.0,1,17
transformer,18,60,1.0,1.0,1,20
transformer,18,61,1.0,1.0,1,16
transformer,18,62,1.0,1.0,1,22
transformer,18,63,1.0,1.0,1,18
transformer,18,64,1.0,1.0,1,17
transformer,18,65,1.0,1.0,1,19
transformer,18,66,1.0,1.0,1,19
transformer,18,67,1.0,1.0,1,21
transformer,18,68,1.0,1.0,1,17
transformer,18,69,1.0,1.0,1,19
transformer,18,70,1.0,1.0,1,20
transformer,18,71,1.0,1.0,1,20
transformer,18,72,1.0,1.0,1,20
transformer,18,73,1.0,1.0,1,24
transformer,18,74,1.0,1.0,1,20
transformer,18,75,1.0,1.0,1,23
transformer,18,76,1.0,1.0,1,18
transformer,18,77,1.0,1.0,1,19
transformer,18,78,1.0,1.0,1,22
transformer,18,79,1.0,1.0,1,18
transformer,18,80,1.0,1.0,1,18
transformer,18,81,1.0,1.0,1,22
transformer,18,82,1.0,1.0,1,18
transformer,18,83,1.0,1.0,1,18
transformer,18,84,1.0,1.0,1,18
transformer,18,85,1.0,1.0,1,18
transformer,18,86,1.0,1.0,1,22
transformer,18,87,1.0,1.0,1,20
transformer,18,88,1.0,1.0,1,18
transformer,18,89,1.0,1.0,1,19
transformer,18,90,1.0,1.0,1,21
transformer,18,91,1.0,1.0,1,21
transformer,18,92,1.0,1.0,1,22
transformer,18,93,1.0,1.0,1,18
transformer,18,94,1.0,1.0,1,21
transformer,18,95,1.0,1.0,1,23
transformer,18,96,1.0,1.0,1,22
transformer,18,97,1.0,1.0,1,19
transformer,18,98,1.0,1.0,1,19
transformer,18,99,1.0,1.0,1,17
fly,4,0,0.5416666666666666,0.375,2,104
fly,4,1,0.625,0.375,2,104
fly,4,2,0.5416666666666666,0.375,2,104
fly,4,3,0.625,0.25,2,104
fly,4,4,0.625,0.25,2,104
fly,4,5,0.6666666666666666,0.375,2,104
fly,4,6,0.6666666666666666,0.375,2,104
fly,4,7,0.625,0.25,2,104
fly,4,8,0.6666666666666666,0.375,2,104
fly,4,9,0.625,0.25,2,104
fly,4,10,0.6666666666666666,0.375,2,104
fly,4,11,0.625,0.375,2,104
fly,4,12,0.75,0.375,2,104
fly,4,13,0.5416666666666666,0.375,2,104
fly,4,14,0.5833333333333334,0.25,2,104
fly,4,15,0.625,0.375,2,104
fly,4,16,0.5833333333333334,0.25,2,104
fly,4,17,0.5833333333333334,0.375,2,104
fly,4,18,0.625,0.375,2,104
fly,4,19,0.625,0.5,2,104
fly,4,20,0.5,0.125,2,104
fly,4,21,0.5416666666666666,0.25,2,104
fly,4,22,0.7083333333333334,0.5,2,104
fly,4,23,0.625,0.25,2,104
fly,4,24,0.5833333333333334,0.375,2,104
fly,4,25,0.6666666666666666,0.375,2,104
fly,4,26,0.5416666666666666,0.25,2,104
fly,4,27,0.6666666666666666,0.375,2,104
fly,4,28,0.5416666666666666,0.25,2,104
fly,4,29,0.625,0.375,2,104
fly,4,30,0.5833333333333334,0.25,2,104
fly,4,31,0.625,0.5,2,104
fly,4,32,0.75,0.375,2,104
fly,4,33,0.5416666666666666,0.25,2,104
fly,4,34,0.7083333333333334,0.5,2,104
fly,4,35,0.625,0.375,2,104
fly,4,36,0.5416666666666666,0.25,2,104
fly,4,37,0.625,0.375,2,104
fly,4,38,0.5833333333333334,0.375,2,104
fly,4,39,0.625,0.375,2,104
fly,4,40,0.5833333333333334,0.25,2,104
fly,4,41,0.6666666666666666,0.375,2,104
fly,4,42,0.5833333333333334,0.25,2,104
fly,4,43,0.5416666666666666,0.25,2,104
fly,4,44,0.625,0.375,2,104
fly,4,45,0.5416666666666666,0.375,2,104
fly,4,46,0.625,0.375,2,104
fly,4,47,0.5416666666666666,0.25,2,104
fly,4,48,0.625,0.375,2,104
fly,4,49,0.5,0.125,2,104
fly,4,50,0.5,0.125,2,104
fly,4,51,0.625,0.5,2,104
fly,4,52,0.5416666666666666,0.25,2,104
fly,4,53,0.625,0.375,2,104
fly,4,54,0.75,0.375,2,104
fly,4,55,0.5833333333333334,0.375,2,104
fly,4,56,0.7083333333333334,0.5,2,104
fly,4,57,0.6666666666666666,0.375,2,104
fly,4,58,0.625,0.25,2,104
fly,4,59,0.75,0.375,2,104
fly,4,60,0.5,0.125,2,104
fly,4,61,0.6666666666666666,0.375,2,104
fly,4,62,0.6666666666666666,0.375,2,104
fly,4,63,0.5416666666666666,0.375,2,104
fly,4,64,0.6666666666666666,0.375,2,104
fly,4,65,0.5416666666666666,0.25,2,104
fly,4,66,0.625,0.25,2,104
fly,4,67,0.5,0.125,2,104
fly,4,68,0.5416666666666666,0.25,2,104
fly,4,69,0.625,0.25,2,104
fly,4,70,0.5833333333333334,0.375,2,104
fly,4,71,0.6666666666666666,0.375,2,104
fly,4,72,0.625,0.375,2,104
fly,4,73,0.5833333333333334,0.375,2,104
fly,4,74,0.7083333333333334,0.375,2,104
fly,4,75,0.625,0.25,2,104
fly,4,76,0.5416666666666666,0.25,2,104
fly,4,77,0.75,0.375,2,104
fly,4,78,0.625,0.25,2,104
fly,4,79,0.75,0.375,2,104
fly,4,80,0.625,0.375,2,104
fly,4,81,0.625,0.25,2,104
fly,4,82,0.625,0.25,2,104
fly,4,83,0.6666666666666666,0.375,2,104
fly,4,84,0.7083333333333334,0.5,2,104
fly,4,85,0.6666666666666666,0.375,2,104
fly,4,86,0.5416666666666666,0.25,2,104
fly,4,87,0.5833333333333334,0.25,2,104
fly,4,88,0.6666666666666666,0.5,2,104
fly,4,89,0.6666666666666666,0.375,2,104
fly,4,90,0.625,0.25,2,104
fly,4,91,0.5416666666666666,0.25,2,104
fly,4,92,0.5833333333333334,0.375,2,104
fly,4,93,0.6666666666666666,0.375,2,104
fly,4,94,0.6666666666666666,0.375,2,104
fly,4,95,0.75,0.375,2,104
fly,4,96,0.625,0.5,2,104
fly,4,97,0.6666666666666666,0.375,2,104
fly,4,98,0.625,0.375,2,104
fly,4,99,0.6666666666666666,0.375,2,104
fly,6,0,0.625,0.375,2,92
fly,6,1,0.7916666666666666,0.5,2,92
fly,6,2,0.625,0.375,2,92
fly,6,3,0.7083333333333334,0.375,2,92
fly,6,4,0.5833333333333334,0.25,2,92
fly,6,5,0.625,0.25,2,92
fly,6,6,0.5416666666666666,0.25,2,92
fly,6,7,0.7916666666666666,0.5,2,92
fly,6,8,0.75,0.5,2,92
fly,6,9,0.7083333333333334,0.375,2,92
fly,6,10,0.75,0.5,2,92
fly,6,11,0.75,0.5,2,88
fly,6,12,0.75,0.375,2,92
fly,6,13,0.625,0.25,2,92
fly,6,14,0.7083333333333334,0.375,2,92
fly,6,15,0.7083333333333334,0.375,2,92
fly,6,16,0.7083333333333334,0.5,2,92
fly,6,17,0.625,0.375,2,92
fly,6,18,0.7083333333333334,0.375,2,92
fly,6,19,0.625,0.375,2,92
fly,6,20,0.625,0.375,2,92
fly,6,21,0.6666666666666666,0.375,2,92
fly,6,22,0.75,0.5,2,92
fly,6,23,0.6666666666666666,0.375,2,92
fly,6,24,0.6666666666666666,0.375,2,92
fly,6,25,0.6666666666666666,0.375,2,92
fly,6,26,0.75,0.375,2,92
fly,6,27,0.7916666666666666,0.5,2,92
fly,6,28,0.625,0.375,2,92
fly,6,29,0.75,0.625,2,92
fly,6,30,0.8333333333333334,0.5,2,92
fly,6,31,0.75,0.375,2,88
fly,6,32,0.5833333333333334,0.375,2,92
fly,6,33,0.75,0.5,2,92
fly,6,34,0.8333333333333334,0.625,2,88
fly,6,35,0.6666666666666666,0.5,2,92
fly,6,36,0.625,0.5,2,92
fly,6,37,0.7083333333333334,0.375,2,92
fly,6,38,0.6666666666666666,0.5,2,92
fly,6,39,0.75,0.5,2,92
fly,6,40,0.75,0.5,2,92
fly,6,41,0.625,0.375,2,92
fly,6,42,0.625,0.5,2,92
fly,6,43,0.75,0.5,2,88
fly,6,44,0.75,0.375,2,92
fly,6,45,0.6666666666666666,0.375,2,92
fly,6,46,0.625,0.375,2,92
fly,6,47,0.75,0.375,2,92
fly,6,48,0.6666666666666666,0.375,2,92
fly,6,49,0.5833333333333334,0.25,2,92
fly,6,50,0.75,0.375,2,92
fly,6,51,0.6666666666666666,0.375,2,92
fly,6,52,0.75,0.5,2,92
fly,6,53,0.75,0.625,2,92
fly,6,54,0.7083333333333334,0.5,2,92
fly,6,55,0.5833333333333334,0.25,2,92
fly,6,56,0.75,0.625,2,92
fly,6,57,0.75,0.625,2,92
fly,6,58,0.6666666666666666,0.375,2,92
fly,6,59,0.6666666666666666,0.375,2,92
fly,6,60,0.6666666666666666,0.375,2,92
fly,6,61,0.6666666666666666,0.375,2,92
fly,6,62,0.625,0.5,2,92
fly,6,63,0.625,0.375,2,92
fly,6,64,0.7083333333333334,0.5,2,92
fly,6,65,0.7083333333333334,0.5,2,92
fly,6,66,0.6666666666666666,0.375,2,92
fly,6,67,0.75,0.375,2,92
fly,6,68,0.6666666666666666,0.375,2,92
fly,6,69,0.625,0.25,2,92
fly,6,70,0.75,0.375,2,92
fly,6,71,0.7083333333333334,0.5,2,92
fly,6,72,0.6666666666666666,0.375,2,92
fly,6,73,0.6666666666666666,0.375,2,92
fly,6,74,0.75,0.375,2,92
fly,6,75,0.75,0.375,2,88
fly,6,76,0.6666666666666666,0.375,2,92
fly,6,77,0.625,0.375,2,92
fly,6,78,0.625,0.375,2,92
fly,6,79,0.75,0.5,2,92
fly,6,80,0.625,0.375,2,92
fly,6,81,0.625,0.5,2,92
fly,6,82,0.7083333333333334,0.375,2,92
fly,6,83,0.75,0.5,2,92
fly,6,84,0.625,0.25,2,92
fly,6,85,0.6666666666666666,0.375,2,92
fly,6,86,0.6666666666666666,0.375,2,92
fly,6,87,0.6666666666666666,0.5,2,92
fly,6,88,0.7083333333333334,0.5,2,92
fly,6,89,0.7083333333333334,0.5,2,92
fly,6,90,0.7083333333333334,0.5,2,92
fly,6,91,0.75,0.5,2,92
fly,6,92,0.6666666666666666,0.5,2,92
fly,6,93,0.6666666666666666,0.375,2,92
fly,6,94,0.7083333333333334,0.5,2,92
fly,6,95,0.625,0.375,2,92
fly,6,96,0.75,0.5,2,92
fly,6,97,0.7916666666666666,0.5,2,92
fly,6,98,0.7083333333333334,0.5,2,92
fly,6,99,0.7083333333333334,0.5,2,92
fly,8,0,0.6666666666666666,0.375,2,80
fly,8,1,0.8333333333333334,0.625,2,76
fly,8,2,0.75,0.5,2,80
fly,8,3,0.8333333333333334,0.5,2,80
fly,8,4,0.75,0.5,2,80
fly,8,5,0.6666666666666666,0.375,2,76
fly,8,6,0.75,0.5,2,80
fly,8,7,0.7916666666666666,0.5,2,80
fly,8,8,0.7083333333333334,0.5,2,80
fly,8,9,0.75,0.375,2,80
fly,8,10,0.7083333333333334,0.375,2,80
fly,8,11,0.75,0.5,2,80
fly,8,12,0.7916666666666666,0.5,2,76
fly,8,13,0.6666666666666666,0.375,2,80
fly,8,14,0.75,0.5,2,80
fly,8,15,0.75,0.5,2,80
fly,8,16,0.7083333333333334,0.5,2,80
fly,8,17,0.8333333333333334,0.625,2,76
fly,8,18,0.75,0.375,2,80
fly,8,19,0.75,0.625,2,80
fly,8,20,0.7916666666666666,0.5,2,80
fly,8,21,0.75,0.5,2,80
fly,8,22,0.75,0.625,2,80
fly,8,23,0.7916666666666666,0.5,2,80
fly,8,24,0.75,0.5,2,80
fly,8,25,0.6666666666666666,0.375,2,80
fly,8,26,0.875,0.625,2,80
fly,8,27,0.7083333333333334,0.375,2,80
fly,8,28,0.75,0.375,2,80
fly,8,29,0.7916666666666666,0.5,2,80
fly,8,30,0.75,0.375,2,80
fly,8,31,0.7083333333333334,0.5,2,80
fly,8,32,0.6666666666666666,0.375,2,80
fly,8,33,0.75,0.375,2,80
fly,8,34,0.75,0.5,2,80
fly,8,35,0.75,0.5,2,80
fly,8,36,0.875,0.625,2,80
fly,8,37,0.6666666666666666,0.375,2,80
fly,8,38,0.7083333333333334,0.5,2,80
fly,8,39,0.7916666666666666,0.5,2,80
fly,8,40,0.7083333333333334,0.5,2,80
fly,8,41,0.8333333333333334,0.5,2,80
fly,8,42,0.75,0.5,2,80
fly,8,43,0.7083333333333334,0.375,2,80
fly,8,44,0.6666666666666666,0.5,2,80
fly,8,45,0.75,0.375,2,76
fly,8,46,0.75,0.5,2,80
fly,8,47,0.75,0.375,2,80
fly,8,48,0.7916666666666666,0.625,2,76
fly,8,49,0.6666666666666666,0.375,2,80
fly,8,50,0.7083333333333334,0.375,2,80
fly,8,51,0.75,0.5,2,76
fly,8,52,0.6666666666666666,0.375,2,80
fly,8,53,0.75,0.5,2,80
fly,8,54,0.75,0.5,2,80
fly,8,55,0.7916666666666666,0.5,2,80
fly,8,56,0.7083333333333334,0.5,2,80
fly,8,57,0.7916666666666666,0.625,2,80
fly,8,58,0.6666666666666666,0.5,2,80
fly,8,59,0.875,0.75,2,76
fly,8,60,0.7916666666666666,0.5,2,80
fly,8,61,0.6666666666666666,0.375,2,80
fly,8,62,0.6666666666666666,0.375,2,80
fly,8,63,0.75,0.5,2,80
fly,8,64,0.7083333333333334,0.375,2,80
fly,8,65,0.7916666666666666,0.5,2,80
fly,8,66,0.75,0.5,2,80
fly,8,67,0.7083333333333334,0.375,2,80
fly,8,68,0.7916666666666666,0.5,2,80
fly,8,69,0.6666666666666666,0.5,2,80
fly,8,70,0.7916666666666666,0.625,2,76
fly,8,71,0.8333333333333334,0.5,2,76
fly,8,72,0.75,0.5,2,80
fly,8,73,0.7916666666666666,0.625,2,80
fly,8,74,0.8333333333333334,0.5,2,76
fly,8,75,0.8333333333333334,0.5,2,80
fly,8,76,0.6666666666666666,0.375,2,80
fly,8,77,0.75,0.5,2,80
fly,8,78,0.7083333333333334,0.5,2,80
fly,8,79,0.7916666666666666,0.5,2,80
fly,8,80,0.7083333333333334,0.5,2,80
fly,8,81,0.6666666666666666,0.375,2,80
fly,8,82,0.8333333333333334,0.625,2,76
fly,8,83,0.75,0.5,2,80
fly,8,84,0.7916666666666666,0.625,2,76
fly,8,85,0.7083333333333334,0.375,2,80
fly,8,86,0.7916666666666666,0.5,2,80
fly,8,87,0.8333333333333334,0.625,2,80
fly,8,88,0.7083333333333334,0.5,2,80
fly,8,89,0.75,0.375,2,80
fly,8,90,0.75,0.375,2,76
fly,8,91,0.75,0.5,2,76
fly,8,92,0.7916666666666666,0.625,2,76
fly,8,93,0.7916666666666666,0.5,2,76
fly,8,94,0.7916666666666666,0.5,2,80
fly,8,95,0.7916666666666666,0.5,2,80
fly,8,96,0.875,0.625,2,76
fly,8,97,0.6666666666666666,0.375,2,76
fly,8,98,0.7916666666666666,0.5,2,80
fly,8,99,0.6666666666666666,0.5,2,80
fly,10,0,0.75,0.375,2,64
fly,10,1,0.875,0.625,2,64
fly,10,2,0.8333333333333334,0.5,2,68
fly,10,3,0.7916666666666666,0.625,2,68
fly,10,4,0.7916666666666666,0.5,2,64
fly,10,5,0.875,0.625,2,68
fly,10,6,0.7916666666666666,0.625,2,68
fly,10,7,0.9166666666666666,0.75,1,33
fly,10,8,0.875,0.75,2,64
fly,10,9,0.7916666666666666,0.5,2,64
fly,10,10,0.7083333333333334,0.5,2,68
fly,10,11,0.8333333333333334,0.625,2,68
fly,10,12,0.7916666666666666,0.625,2,68
fly,10,13,0.7916666666666666,0.5,2,64
fly,10,14,0.7916666666666666,0.5,2,68
fly,10,15,0.875,0.625,2,64
fly,10,16,0.7916666666666666,0.625,2,64
fly,10,17,0.8333333333333334,0.5,2,64
fly,10,18,0.7916666666666666,0.5,2,68
fly,10,19,0.875,0.625,2,64
fly,10,20,0.7916666666666666,0.5,2,68
fly,10,21,0.7916666666666666,0.5,2,68
fly,10,22,0.8333333333333334,0.5,2,64
fly,10,23,0.75,0.5,2,68
fly,10,24,0.875,0.625,2,64
fly,10,25,0.875,0.625,2,64
fly,10,26,0.875,0.625,2,64
fly,10,27,0.875,0.75,2,64
fly,10,28,0.8333333333333334,0.625,2,68
fly,10,29,0.7916666666666666,0.625,2,68
fly,10,30,0.7916666666666666,0.625,2,68
fly,10,31,0.875,0.625,2,68
fly,10,32,0.7916666666666666,0.5,2,68
fly,10,33,0.7916666666666666,0.625,2,64
fly,10,34,0.875,0.625,2,64
fly,10,35,0.9166666666666666,0.75,2,64
fly,10,36,0.9166666666666666,0.75,2,64
fly,10,37,0.7916666666666666,0.5,2,68
fly,10,38,0.7916666666666666,0.5,2,68
fly,10,39,0.875,0.75,2,64
fly,10,40,0.7083333333333334,0.375,2,68
fly,10,41,0.8333333333333334,0.625,2,68
fly,10,42,0.8333333333333334,0.5,2,64
fly,10,43,0.8333333333333334,0.5,2,60
fly,10,44,0.7916666666666666,0.625,2,68
fly,10,45,0.8333333333333334,0.625,2,64
fly,10,46,0.875,0.625,2,68
fly,10,47,0.8333333333333334,0.625,2,64
fly,10,48,0.875,0.75,2,64
fly,10,49,0.7916666666666666,0.5,2,68
fly,10,50,0.8333333333333334,0.625,2,64
fly,10,51,0.7916666666666666,0.5,2,68
fly,10,52,0.875,0.625,2,64
fly,10,53,0.7916666666666666,0.625,2,68
fly,10,54,0.875,0.625,2,66
fly,10,55,0.875,0.625,2,64
fly,10,56,0.7916666666666666,0.625,2,68
fly,10,57,0.7916666666666666,0.5,2,68
fly,10,58,0.7916666666666666,0.5,2,68
fly,10,59,0.875,0.75,2,64
fly,10,60,0.9166666666666666,0.75,1,35
fly,10,61,0.7083333333333334,0.5,2,68
fly,10,62,0.7916666666666666,0.5,2,68
fly,10,63,0.7916666666666666,0.625,2,68
fly,10,64,0.7916666666666666,0.5,2,68
fly,10,65,0.7916666666666666,0.5,2,68
fly,10,66,0.7916666666666666,0.5,2,64
fly,10,67,0.7916666666666666,0.5,2,60
fly,10,68,0.7916666666666666,0.625,2,64
fly,10,69,0.8333333333333334,0.625,1,35
fly,10,70,0.875,0.625,2,64
fly,10,71,0.7916666666666666,0.5,2,68
fly,10,72,0.7916666666666666,0.5,2,68
fly,10,73,0.8333333333333334,0.625,2,68
fly,10,74,0.75,0.375,2,68
fly,10,75,0.9166666666666666,0.75,1,36
fly,10,76,0.7916666666666666,0.5,2,68
fly,10,77,0.7916666666666666,0.5,2,68
fly,10,78,0.7916666666666666,0.5,2,64
fly,10,79,0.7916666666666666,0.5,2,68
fly,10,80,0.7083333333333334,0.5,2,64
fly,10,81,0.9166666666666666,0.75,2,60
fly,10,82,0.7916666666666666,0.625,2,64
fly,10,83,0.8333333333333334,0.625,2,68
fly,10,84,0.8333333333333334,0.5,2,64
fly,10,85,0.875,0.625,2,68
fly,10,86,0.7916666666666666,0.5,2,68
fly,10,87,0.875,0.625,2,64
fly,10,88,0.875,0.625,2,64
fly,10,89,0.875,0.625,2,68
fly,10,90,0.8333333333333334,0.5,2,68
fly,10,91,0.7916666666666666,0.625,2,68
fly,10,92,0.7916666666666666,0.5,2,68
fly,10,93,0.8333333333333334,0.5,2,64
fly,10,94,0.8333333333333334,0.5,2,64
fly,10,95,0.875,0.625,2,68
fly,10,96,0.7916666666666666,0.5,2,68
fly,10,97,0.875,0.625,2,64
fly,10,98,0.875,0.625,1,36
fly,10,99,0.8333333333333334,0.625,2,68
fly,12,0,0.7916666666666666,0.5,2,56
fly,12,1,0.9166666666666666,0.75,2,56
fly,12,2,0.9166666666666666,0.75,2,52
fly,12,3,0.9166666666666666,0.75,1,29
fly,12,4,0.9166666666666666,0.75,2,52
fly,12,5,0.9166666666666666,0.75,1,30
fly,12,6,0.875,0.625,2,52
fly,12,7,0.875,0.75,2,56
fly,12,8,0.9166666666666666,0.75,2,52
fly,12,9,0.9583333333333334,0.875,1,31
fly,12,10,0.875,0.75,2,52
fly,12,11,0.875,0.625,2,52
fly,12,12,0.9583333333333334,0.875,1,30
fly,12,13,0.875,0.625,2,56
fly,12,14,0.875,0.75,2,52
fly,12,15,0.9166666666666666,0.75,1,29
fly,12,16,0.8333333333333334,0.625,2,52
fly,12,17,0.875,0.625,2,52
fly,12,18,0.9166666666666666,0.75,1,29
fly,12,19,0.9166666666666666,0.75,2,48
fly,12,20,0.9166666666666666,0.75,2,54
fly,12,21,0.9166666666666666,0.75,2,56
fly,12,22,0.9166666666666666,0.75,1,30
fly,12,23,0.9583333333333334,0.875,1,24
fly,12,24,0.9583333333333334,0.875,1,26
fly,12,25,0.8333333333333334,0.625,2,52
fly,12,26,0.9166666666666666,0.75,1,29
fly,12,27,0.875,0.625,2,48
fly,12,28,0.9166666666666666,0.75,1,29
fly,12,29,0.8333333333333334,0.625,2,52
fly,12,30,0.875,0.75,2,52
fly,12,31,0.9166666666666666,0.75,2,52
fly,12,32,0.875,0.75,2,52
fly,12,33,0.9166666666666666,0.75,2,48
fly,12,34,0.875,0.625,2,56
fly,12,35,0.9166666666666666,0.875,1,29
fly,12,36,0.9166666666666666,0.75,2,48
fly,12,37,0.8333333333333334,0.625,2,52
fly,12,38,0.9166666666666666,0.875,1,27
fly,12,39,0.9166666666666666,0.75,2,56
fly,12,40,0.9583333333333334,0.875,1,27
fly,12,41,0.9166666666666666,0.75,1,29
fly,12,42,0.8333333333333334,0.625,2,52
fly,12,43,0.875,0.625,2,52
fly,12,44,0.9166666666666666,0.75,2,52
fly,12,45,0.7916666666666666,0.5,2,52
fly,12,46,0.7916666666666666,0.625,2,56
fly,12,47,0.9166666666666666,0.75,2,56
fly,12,48,0.7916666666666666,0.5,2,56
fly,12,49,0.875,0.75,2,52
fly,12,50,0.875,0.75,1,29
fly,12,51,0.9166666666666666,0.75,2,52
fly,12,52,0.9166666666666666,0.875,1,27
fly,12,53,0.875,0.75,2,52
fly,12,54,0.9166666666666666,0.75,2,48
fly,12,55,0.9166666666666666,0.75,1,24
fly,12,56,0.9166666666666666,0.75,2,56
fly,12,57,0.9166666666666666,0.75,2,52
fly,12,58,0.875,0.625,2,52
fly,12,59,0.7916666666666666,0.5,2,56
fly,12,60,0.9583333333333334,0.875,1,31
fly,12,61,0.9166666666666666,0.75,2,48
fly,12,62,0.9583333333333334,0.875,1,29
fly,12,63,0.9166666666666666,0.875,1,31
fly,12,64,0.7916666666666666,0.625,2,54
fly,12,65,0.875,0.625,2,56
fly,12,66,0.875,0.75,1,26
fly,12,67,0.9166666666666666,0.75,2,48
fly,12,68,0.9583333333333334,0.875,1,33
fly,12,69,0.9166666666666666,0.75,2,52
fly,12,70,0.875,0.625,2,52
fly,12,71,0.875,0.75,2,52
fly,12,72,0.9583333333333334,0.875,1,28
fly,12,73,0.7916666666666666,0.5,2,56
fly,12,74,0.875,0.625,2,52
fly,12,75,0.7916666666666666,0.5,2,56
fly,12,76,0.8333333333333334,0.625,2,52
fly,12,77,0.8333333333333334,0.75,1,25
fly,12,78,0.875,0.75,1,26
fly,12,79,0.8333333333333334,0.625,2,56
fly,12,80,0.875,0.75,2,56
fly,12,81,0.875,0.625,2,48
fly,12,82,0.9166666666666666,0.75,1,24
fly,12,83,0.9166666666666666,0.75,1,29
fly,12,84,0.875,0.625,2,52
fly,12,85,0.875,0.625,2,52
fly,12,86,0.75,0.625,2,52
fly,12,87,0.875,0.75,2,52
fly,12,88,0.875,0.625,2,52
fly,12,89,0.9583333333333334,0.875,1,29
fly,12,90,0.7916666666666666,0.5,2,52
fly,12,91,0.9166666666666666,0.75,2,59
fly,12,92,0.9166666666666666,0.75,2,52
fly,12,93,0.875,0.75,1,31
fly,12,94,0.875,0.75,2,56
fly,12,95,0.875,0.625,2,52
fly,12,96,0.9166666666666666,0.75,2,52
fly,12,97,0.875,0.75,1,29
fly,12,98,0.9583333333333334,0.875,1,29
fly,12,99,0.9583333333333334,0.875,1,30
fly,14,0,0.9583333333333334,0.875,1,21
fly,14,1,0.9583333333333334,0.875,1,21
fly,14,2,0.9166666666666666,0.75,1,24
fly,14,3,1.0,1.0,1,24
fly,14,4,0.9583333333333334,0.875,1,25
fly,14,5,0.9583333333333334,0.875,1,21
fly,14,6,0.9583333333333334,0.875,1,28
fly,14,7,1.0,1.0,1,27
fly,14,8,0.9166666666666666,0.875,1,21
fly,14,9,0.9166666666666666,0.875,1,21
fly,14,10,0.9166666666666666,0.75,2,40
fly,14,11,0.9166666666666666,0.75,1,24
fly,14,12,1.0,1.0,1,22
fly,14,13,1.0,1.0,1,25
fly,14,14,0.9583333333333334,0.875,1,20
fly,14,15,1.0,1.0,1,22
fly,14,16,0.9166666666666666,0.875,1,21
fly,14,17,0.9166666666666666,0.75,2,40
fly,14,18,0.9166666666666666,0.75,2,40
fly,14,19,1.0,1.0,1,24
fly,14,20,0.9583333333333334,0.875,1,20
fly,14,21,0.875,0.75,1,20
fly,14,22,0.9166666666666666,0.75,2,40
fly,14,23,0.9583333333333334,0.875,1,21
fly,14,24,0.875,0.75,1,20
fly,14,25,1.0,1.0,1,23
fly,14,26,0.9166666666666666,0.75,1,24
fly,14,27,1.0,1.0,1,25
fly,14,28,0.875,0.625,2,42
fly,14,29,0.9583333333333334,0.875,1,20
fly,14,30,1.0,1.0,1,24
fly,14,31,1.0,1.0,1,27
fly,14,32,0.9583333333333334,0.875,1,22
fly,14,33,0.9166666666666666,0.875,1,21
fly,14,34,0.9583333333333334,0.875,1,21
fly,14,35,0.9166666666666666,0.75,1,24
fly,14,36,1.0,1.0,1,21
fly,14,37,0.9166666666666666,0.75,1,20
fly,14,38,0.9166666666666666,0.75,1,24
fly,14,39,0.9583333333333334,0.875,1,23
fly,14,40,0.9583333333333334,0.875,1,21
fly,14,41,0.875,0.625,2,42
fly,14,42,0.9166666666666666,0.75,2,40
fly,14,43,0.9166666666666666,0.75,2,40
fly,14,44,0.9166666666666666,0.75,1,24
fly,14,45,0.9166666666666666,0.75,2,40
fly,14,46,0.875,0.75,1,24
fly,14,47,0.9583333333333334,0.875,1,24
fly,14,48,1.0,1.0,1,21
fly,14,49,0.9583333333333334,0.875,1,21
fly,14,50,0.9583333333333334,0.875,1,21
fly,14,51,1.0,1.0,1,22
fly,14,52,1.0,1.0,1,24
fly,14,53,1.0,1.0,1,20
fly,14,54,1.0,1.0,1,24
fly,14,55,1.0,1.0,1,24
fly,14,56,0.875,0.75,1,20
fly,14,57,0.9166666666666666,0.75,1,20
fly,14,58,0.9166666666666666,0.875,1,21
fly,14,59,1.0,1.0,1,21
fly,14,60,0.9583333333333334,0.875,1,24
fly,14,61,0.9166666666666666,0.875,1,21
fly,14,62,0.9583333333333334,0.875,1,21
fly,14,63,0.9166666666666666,0.875,1,21
fly,14,64,1.0,1.0,1,24
fly,14,65,0.9583333333333334,0.875,1,21
fly,14,66,1.0,1.0,1,25
fly,14,67,0.9583333333333334,0.875,1,21
fly,14,68,1.0,1.0,1,24
fly,14,69,1.0,1.0,1,26
fly,14,70,1.0,1.0,1,24
fly,14,71,0.9166666666666666,0.75,1,20
fly,14,72,1.0,1.0,1,24
fly,14,73,0.875,0.625,1,20
fly,14,74,0.9166666666666666,0.75,2,40
fly,14,75,0.9166666666666666,0.75,2,40
fly,14,76,0.9166666666666666,0.875,1,21
fly,14,77,0.9166666666666666,0.75,1,20
fly,14,78,1.0,1.0,1,19
fly,14,79,0.9583333333333334,0.875,1,21
fly,14,80,0.875,0.75,1,20
fly,14,81,0.9166666666666666,0.75,2,40
fly,14,82,0.9166666666666666,0.75,1,24
fly,14,83,1.0,1.0,1,25
fly,14,84,0.875,0.75,1,20
fly,14,85,0.875,0.75,1,20
fly,14,86,1.0,1.0,1,23
fly,14,87,0.8333333333333334,0.5,1,20
fly,14,88,1.0,1.0,1,28
fly,14,89,0.9583333333333334,0.875,1,21
fly,14,90,1.0,1.0,1,26
fly,14,91,0.9583333333333334,0.875,1,21
fly,14,92,0.9166666666666666,0.75,2,40
fly,14,93,0.9166666666666666,0.875,1,27
fly,14,94,0.9166666666666666,0.875,1,21
fly,14,95,1.0,1.0,1,28
fly,14,96,0.9583333333333334,0.875,1,21
fly,14,97,1.0,1.0,1,25
fly,14,98,0.9583333333333334,0.875,1,21
fly,14,99,1.0,1.0,1,25
fly,16,0,1.0,1.0,1,16
fly,16,1,1.0,1.0,1,24
fly,16,2,0.9583333333333334,0.875,1,18
fly,16,3,1.0,1.0,1,26
fly,16,4,1.0,1.0,1,23
fly,16,5,1.0,1.0,1,21
fly,16,6,1.0,1.0,1,24
fly,16,7,1.0,1.0,1,21
fly,16,8,1.0,1.0,1,25
fly,16,9,1.0,1.0,1,20
fly,16,10,1.0,1.0,1,23
fly,16,11,1.0,1.0,1,17
fly,16,12,1.0,1.0,1,20
fly,16,13,1.0,1.0,1,19
fly,16,14,1.0,1.0,1,20
fly,16,15,1.0,1.0,1,20
fly,16,16,1.0,1.0,1,22
fly,16,17,1.0,1.0,1,21
fly,16,18,1.0,1.0,1,18
fly,16,19,1.0,1.0,1,22
fly,16,20,1.0,1.0,1,21
fly,16,21,1.0,1.0,1,22
fly,16,22,1.0,1.0,1,23
fly,16,23,1.0,1.0,1,23
fly,16,24,1.0,1.0,1,23
fly,16,25,1.0,1.0,1,27
fly,16,26,1.0,1.0,1,18
fly,16,27,1.0,1.0,1,19
fly,16,28,1.0,1.0,1,18
fly,16,29,1.0,1.0,1,24
fly,16,30,1.0,1.0,1,22
fly,16,31,1.0,1.0,1,18
fly,16,32,1.0,1.0,1,19
fly,16,33,1.0,1.0,1,19
fly,16,34,1.0,1.0,1,23
fly,16,35,1.0,1.0,1,22
fly,16,36,1.0,1.0,1,18
fly,16,37,1.0,1.0,1,21
fly,16,38,1.0,1.0,1,19
fly,16,39,1.0,1.0,1,22
fly,16,40,1.0,1.0,1,18
fly,16,41,1.0,1.0,1,18
fly,16,42,1.0,1.0,1,22
fly,16,43,1.0,1.0,1,20
fly,16,44,1.0,1.0,1,23
fly,16,45,1.0,1.0,1,27
fly,16,46,1.0,1.0,1,21
fly,16,47,1.0,1.0,1,20
fly,16,48,1.0,1.0,1,17
fly,16,49,1.0,1.0,1,20
fly,16,50,1.0,1.0,1,18
fly,16,51,1.0,1.0,1,21
fly,16,52,1.0,1.0,1,18
fly,16,53,1.0,1.0,1,18
fly,16,54,1.0,1.0,1,23
fly,16,55,1.0,1.0,1,25
fly,16,56,1.0,1.0,1,20
fly,16,57,1.0,1.0,1,19
fly,16,58,1.0,1.0,1,25
fly,16,59,1.0,1.0,1,19
fly,16,60,1.0,1.0,1,19
fly,16,61,1.0,1.0,1,17
fly,16,62,1.0,1.0,1,18
fly,16,63,1.0,1.0,1,20
fly,16,64,1.0,1.0,1,23
fly,16,65,1.0,1.0,1,19
fly,16,66,1.0,1.0,1,24
fly,16,67,1.0,1.0,1,26
fly,16,68,1.0,1.0,1,19
fly,16,69,1.0,1.0,1,23
fly,16,70,1.0,1.0,1,18
fly,16,71,1.0,1.0,1,22
fly,16,72,1.0,1.0,1,20
fly,16,73,1.0,1.0,1,18
fly,16,74,1.0,1.0,1,20
fly,16,75,1.0,1.0,1,18
fly,16,76,1.0,1.0,1,24
fly,16,77,1.0,1.0,1,19
fly,16,78,1.0,1.0,1,25
fly,16,79,1.0,1.0,1,21
fly,16,80,1.0,1.0,1,22
fly,16,81,1.0,1.0,1,21
fly,16,82,1.0,1.0,1,18
fly,16,83,0.9583333333333334,0.875,1,18
fly,16,84,1.0,1.0,1,19
fly,16,85,1.0,1.0,1,18
fly,16,86,1.0,1.0,1,18
fly,16,87,1.0,1.0,1,18
fly,16,88,1.0,1.0,1,18
fly,16,89,1.0,1.0,1,26
fly,16,90,1.0,1.0,1,19
fly,16,91,1.0,1.0,1,18
fly,16,92,1.0,1.0,1,22
fly,16,93,1.0,1.0,1,24
fly,16,94,1.0,1.0,1,19
fly,16,95,1.0,1.0,1,19
fly,16,96,0.9583333333333334,0.875,1,18
fly,16,97,1.0,1.0,1,18
fly,16,98,1.0,1.0,1,19
fly,16,99,1.0,1.0,1,20
fly,18,0,1.0,1.0,1,22
fly,18,1,1.0,1.0,1,22
fly,18,2,1.0,1.0,1,17
fly,18,3,1.0,1.0,1,18
fly,18,4,1.0,1.0,1,24
fly,18,5,1.0,1.0,1,16
fly,18,6,1.0,1.0,1,21
fly,18,7,1.0,1.0,1,22
fly,18,8,1.0,1.0,1,15
fly,18,9,1.0,1.0,1,18
fly,18,10,1.0,1.0,1,18
fly,18,11,1.0,1.0,1,18
fly,18,12,1.0,1.0,1,18
fly,18,13,1.0,1.0,1,21
fly,18,14,1.0,1.0,1,18
fly,18,15,1.0,1.0,1,22
fly,18,16,1.0,1.0,1,22
fly,18,17,1.0,1.0,1,22
fly,18,18,1.0,1.0,1,17
fly,18,19,1.0,1.0,1,18
fly,18,20,1.0,1.0,1,24
fly,18,21,1.0,1.0,1,22
fly,18,22,1.0,1.0,1,19
fly,18,23,1.0,1.0,1,20
fly,18,24,1.0,1.0,1,22
fly,18,25,1.0,1.0,1,21
fly,18,26,1.0,1.0,1,19
fly,18,27,1.0,1.0,1,17
fly,18,28,1.0,1.0,1,15
fly,18,29,1.0,1.0,1,21
fly,18,30,1.0,1.0,1,22
fly,18,31,1.0,1.0,1,22
fly,18,32,1.0,1.0,1,17
fly,18,33,1.0,1.0,1,22
fly,18,34,1.0,1.0,1,22
fly,18,35,1.0,1.0,1,20
fly,18,36,1.0,1.0,1,22
fly,18,37,1.0,1.0,1,21
fly,18,38,1.0,1.0,1,17
fly,18,39,1.0,1.0,1,18
fly,18,40,1.0,1.0,1,22
fly,18,41,1.0,1.0,1,20
fly,18,42,1.0,1.0,1,16
fly,18,43,1.0,1.0,1,19
fly,18,44,1.0,1.0,1,20
fly,18,45,1.0,1.0,1,23
fly,18,46,1.0,1.0,1,21
fly,18,47,1.0,1.0,1,20
fly,18,48,1.0,1.0,1,19
fly,18,49,1.0,1.0,1,22
fly,18,50,1.0,1.0,1,22
fly,18,51,1.0,1.0,1,22
fly,18,52,1.0,1.0,1,22
fly,18,53,1.0,1.0,1,17
fly,18,54,1.0,1.0,1,19
fly,18,55,1.0,1.0,1,22
fly,18,56,1.0,1.0,1,20
fly,18,57,1.0,1.0,1,18
fly,18,58,1.0,1.0,1,20
fly,18,59,1.0,1.0,1,19
fly,18,60,1.0,1.0,1,16
fly,18,61,1.0,1.0,1,24
fly,18,62,1.0,1.0,1,19
fly,18,63,1.0,1.0,1,18
fly,18,64,1.0,1.0,1,21
fly,18,65,1.0,1.0,1,22
fly,18,66,1.0,1.0,1,16
fly,18,67,1.0,1.0,1,16
fly,18,68,1.0,1.0,1,21
fly,18,69,1.0,1.0,1,18
fly,18,70,1.0,1.0,1,20
fly,18,71,1.0,1.0,1,23
fly,18,72,1.0,1.0,1,19
fly,18,73,1.0,1.0,1,18
fly,18,74,1.0,1.0,1,17
fly,18,75,1.0,1.0,1,18
fly,18,76,1.0,1.0,1,20
fly,18,77,1.0,1.0,1,18
fly,18,78,1.0,1.0,1,18
fly,18,79,1.0,1.0,1,21
fly,18,80,1.0,1.0,1,18
fly,18,81,1.0,1.0,1,18
fly,18,82,1.0,1.0,1,20
fly,18,83,1.0,1.0,1,18
fly,18,84,1.0,1.0,1,18
fly,18,85,1.0,1.0,1,17
fly,18,86,1.0,1.0,1,19
fly,18,87,1.0,1.0,1,18
fly,18,88,1.0,1.0,1,24
fly,18,89,1.0,1.0,1,22
fly,18,90,1.0,1.0,1,17
fly,18,91,1.0,1.0,1,18
fly,18,92,1.0,1.0,1,18
fly,18,93,1.0,1.0,1,22
fly,18,94,1.0,1.0,1,22
fly,18,95,1.0,1.0,1,20
fly,18,96,1.0,1.0,1,18
fly,18,97,1.0,1.0,1,23
fly,18,98,1.0,1.0,1,22
fly,18,99,1.0,1.0,1,18
